,0,1,2,3,4,5,6,7,8,9,10,11,12,13,14,15,16
0,0.3602941176470589,0.6311418685121107,0.4306372549019607,0.6413533256439831,0.9834162895927602,0.9703307843377048,0.975714300273124,0.9676721683088464,0.7620906535555412,0.7569119912727018,0.7602687244498396,0.7564043588247111,0.9837662934751225,0.9716353079394376,0.9805968555345512,0.9711763860211088,Fresh Papaya Leaf
1,0.4286764705882353,0.6662053056516724,0.4117647058823529,0.6901960784313725,0.9790977742448332,0.9646661535104442,0.972381068851657,0.9613658396218948,0.744304654868434,0.7390986131150145,0.7432133515421174,0.7383642175740579,0.9825473485884684,0.9729400303535024,0.9832358751450124,0.9719655716127698,Fresh Papaya Leaf
2,0.4318014705882353,0.699515570934256,0.406985294117647,0.6746020761245675,0.982753657082477,0.9706162180409796,0.9786845893598044,0.9699760545421782,0.7897578127893892,0.7856975690801364,0.7896843993735387,0.7858185238667669,0.9831269258417316,0.9727418245218212,0.9840966427473792,0.9737126340956384,Fresh Papaya Leaf
3,0.4098039215686274,0.7801307189542483,0.5355392156862745,0.7554325259515571,0.9794786953242836,0.9618068790110312,0.9690969079939667,0.960902848017035,0.7168149948567702,0.7096612519989206,0.7138668289414679,0.7096298935122363,0.9844377931186044,0.9704331916388914,0.9796630250981764,0.9713692485350424,Fresh Papaya Leaf
4,0.5157322303921568,0.9174625144175316,0.653982843137255,0.9631680123029605,0.9867318872319096,0.975969288763955,0.9806472220689402,0.974234167404224,0.6487314080943709,0.6414388580619746,0.6444913149305469,0.6400765081203734,0.9824226323391526,0.968820255760784,0.9777165339950352,0.967267149690182,Fresh Papaya Leaf
5,0.4238051470588235,0.8561937716262975,0.6038602941176471,0.8285121107266435,0.983427654474776,0.9678055349636072,0.9737749016053356,0.966858847707527,0.7636807724811231,0.7574715736337856,0.7608669528375003,0.7574655694504548,0.9853163112571208,0.9704103268010916,0.9790778930729306,0.9713669926012504,Fresh Papaya Leaf
6,0.3464307598039216,0.5481430219146481,0.3082414215686274,0.5404998077662437,0.9834093372926094,0.973389761334398,0.98160044306184,0.9722102150060626,0.7716142921422006,0.7676861977315174,0.7718263040288316,0.7675543934406237,0.984672954051184,0.9758113283867712,0.986362504877168,0.976148699951467,Fresh Papaya Leaf
7,0.4453431372549019,0.7004075355632449,0.4480392156862745,0.7336255286428297,0.9758158044922752,0.957936203970806,0.9664420529126412,0.95400590689172,0.722689244125327,0.7164477232003957,0.7208180744438064,0.7154872638462844,0.9826496913023304,0.9727698882800868,0.982544653660242,0.9714784549120252,Fresh Papaya Leaf
8,0.5773897058823529,1.0757708573625526,0.8209558823529411,1.1562937331795462,0.9804281562205994,0.9626273356108568,0.9688333295999284,0.9619146353283186,0.5789646137808827,0.5670474194115981,0.5710953851597509,0.5666137217203863,0.982101223450408,0.9667444695788124,0.9745533496086116,0.9642466182353492,Fresh Papaya Leaf
9,0.5091605392156863,0.9906189926951172,0.7194546568627451,0.9885428681276432,0.9860218990269654,0.9733026942300298,0.978995632610455,0.9728119809598416,0.5899205833982026,0.5785513008453165,0.5831470696349814,0.5779183091976234,0.978907623259238,0.9590812912044828,0.970199335082264,0.9591654579247668,Fresh Papaya Leaf
10,1.012438725490196,2.246674356016917,1.7962622549019605,2.275770857362553,0.9776645356851492,0.9490614326131048,0.9551083864320478,0.9497413785780436,0.784856668475462,0.7768417553336762,0.7797425022195709,0.7769093625971448,0.9791562316912266,0.9538756983391976,0.9630191207424988,0.953278346167644,Fresh Papaya Leaf
11,1.012438725490196,2.246674356016917,1.7962622549019605,2.275770857362553,0.9776645356851492,0.9490614326131048,0.9551083864320478,0.9497413785780436,0.784856668475462,0.7768417553336762,0.7797425022195709,0.7769093625971448,0.9791562316912266,0.9538756983391976,0.9630191207424988,0.953278346167644,Fresh Papaya Leaf
12,0.5358149509803922,0.932964244521338,0.6600490196078432,0.97759323337178,0.98176406324725,0.9670869552986188,0.9741049736967956,0.9661625078534524,0.6251533878452428,0.6172843743219183,0.6212914153605582,0.616618372125205,0.9812793760143498,0.9674984098252264,0.9769505592222189,0.9659436722774832,Fresh Papaya Leaf
13,0.5110140931372549,0.8652364475201845,0.5653186274509804,0.8632064590542098,0.9846264237988815,0.9723012176728102,0.9786657331788248,0.972244469402373,0.6228095634367754,0.6121674077301672,0.6167049392158105,0.6119123114224412,0.9792978127563104,0.965055340696675,0.9771026047129744,0.9651369050702776,Fresh Papaya Leaf
14,0.982843137254902,2.488642829680892,2.096078431372549,2.4684659746251443,0.9733242621436152,0.9359272572349208,0.9403911166588652,0.9327119248936806,0.7562493505529692,0.7450586406096404,0.7480875290369025,0.7449325972932418,0.9764994499473962,0.9406500606798746,0.9498811211845718,0.941131244684645,Fresh Papaya Leaf
15,0.9692708333333332,2.04401384083045,1.5939338235294118,2.1062975778546718,0.973656459125584,0.9461114427339335,0.9528682358936588,0.9439167884221762,0.7558152195148938,0.7481327584710413,0.7511910087486776,0.7476426062742211,0.9822690923862918,0.9627044172641908,0.9708421089385596,0.9615679727740016,Fresh Papaya Leaf
16,1.080422794117647,2.179500192233756,1.660171568627451,2.241353325643983,0.928652929337104,0.9073941550266488,0.9514861440939856,0.905555156358596,0.7533973630207127,0.7460331267152898,0.748996018615023,0.7455489756003503,0.9798468093917548,0.959450118794803,0.9690327210355992,0.958299333297793,Fresh Papaya Leaf
17,1.1496017156862743,2.757154940407536,2.2674632352941178,2.77923875432526,0.9762796252550796,0.9454691877993322,0.9519946932392866,0.9449586706122428,0.7945708137923938,0.784958076377984,0.7882074095307998,0.7850797662715548,0.972899293824966,0.9351921944108788,0.9465468309033324,0.9346731073265548,Fresh Papaya Leaf
18,1.1496017156862743,2.757154940407536,2.2674632352941178,2.77923875432526,0.9762796252550796,0.9454691877993322,0.9519946932392866,0.9449586706122428,0.7945708137923938,0.784958076377984,0.7882074095307998,0.7850797662715548,0.972899293824966,0.9351921944108788,0.9465468309033324,0.9346731073265548,Fresh Papaya Leaf
19,0.6608609068627451,1.1272279892349095,0.7970588235294117,1.186559015763168,0.9843150216817496,0.9728067354668756,0.978905336055623,0.9716548909966076,0.6492144228826672,0.6421059117980017,0.645754373626417,0.6412157232500131,0.979167230934653,0.9645569293379532,0.9748779203732078,0.9626917741804408,Fresh Papaya Leaf
20,0.403094362745098,0.7179392541330258,0.4310661764705882,0.6635909265667052,0.9847134654201048,0.9736952394215108,0.9805037202912288,0.9732399833823135,0.7644217141235528,0.759678033713669,0.7634410544818118,0.759903584098446,0.9864745318743406,0.9759705016724745,0.9855359628693452,0.9777895456080726,Fresh Papaya Leaf
21,0.5403492647058823,1.030711264898116,0.7622549019607843,1.0503652441368705,0.979983455882353,0.9615893024258964,0.9684910927785748,0.9598637222081564,0.7302825221365083,0.7229289477068461,0.726662518617695,0.722461501648117,0.9829009464465064,0.967455719435449,0.9758788653166116,0.9668351531950874,Fresh Papaya Leaf
22,0.4821231617647059,0.8975778546712803,0.6720281862745097,0.961107266435986,0.9864714590690872,0.974059297441524,0.9781850846576904,0.9725854956925932,0.6808879016474633,0.6723290436442404,0.6747753186056888,0.6711525821735628,0.9805457233667076,0.9638971036058472,0.9728875625651892,0.9613424246998068,Fresh Papaya Leaf
23,1.19375,2.5351480199923104,1.990686274509804,2.5878969627066515,0.975806792767322,0.9470563369016552,0.9523332489380256,0.9450051624554512,0.7854897255209142,0.7773160333981103,0.7803885328731347,0.7770243573553806,0.9755758715703198,0.9482764798780028,0.9592705531042272,0.9472002661901298,Fresh Papaya Leaf
24,0.9142156862745096,1.9601076509034987,1.4215686274509804,1.8348327566320644,0.9753128354574212,0.9474802778466328,0.9573050992382977,0.9513179004446344,0.777754204548342,0.7705599140791638,0.7740469242865402,0.7713114982584,0.982089894510445,0.9617051071503416,0.9721508785936472,0.9641526200304216,Fresh Papaya Leaf
25,1.0738204656862744,2.9965859284890426,2.5119485294117645,2.735578623606305,0.974436669605625,0.937440218781151,0.946253576656907,0.9431669684997592,0.7736020240991134,0.7625925460975462,0.7655489388381068,0.7637017041390066,0.9762984681124096,0.9340404715078736,0.9445882454560148,0.9397857037920196,Fresh Papaya Leaf
26,0.8348651960784315,1.2840292195309495,0.731188725490196,1.2767397154940407,0.978084981693597,0.9641239046096286,0.9764554643828744,0.9656267313912574,0.5940373685357123,0.5841700874891539,0.5922098367671452,0.5852613026579441,0.9745994840351524,0.9610362449432972,0.9777489090401874,0.9612593682553188,Fresh Papaya Leaf
27,0.6768382352941176,1.0514878892733566,0.5459865196078431,1.0017224144559784,0.9782141068911802,0.9677925620808372,0.9814808611811684,0.9678642000627364,0.6005180159372053,0.5937886949758914,0.6025290423757497,0.5938171470595651,0.9783995844310492,0.96650058480128,0.982556268906839,0.968092506780396,Fresh Papaya Leaf
28,1.176593137254902,2.350234525182622,1.778247549019608,2.3884352172241448,0.9747568272287394,0.948730024926954,0.9549132222831744,0.9462381988607184,0.7898990736469772,0.7825599841018805,0.785765504462019,0.7823056315939443,0.9752247456987848,0.95065217653803,0.9625696702705224,0.949850073658294,Fresh Papaya Leaf
29,1.1784773284313723,2.0914571318723567,1.4155637254901965,2.0625759323337176,0.918315550891241,0.8963164249385278,0.951823476386165,0.8986130695459223,0.720119984783377,0.7124220283810879,0.7163557195449971,0.7129365013754232,0.9799469592806838,0.9644894116422836,0.975937655117896,0.9649798408839048,Fresh Papaya Leaf
30,0.6725183823529413,1.0058285274894272,0.6131433823529411,1.058515955401769,0.9795905695979528,0.9674899391203208,0.97818134086863,0.9682835149736276,0.780520433209686,0.7769986770684891,0.7808297576964989,0.7768466949138871,0.9836459953634956,0.9755845492629988,0.985077153986682,0.9743055313538532,Fresh Papaya Leaf
31,0.6904258578431373,1.0329104190695886,0.6410845588235294,1.1146020761245674,0.9780695140700928,0.9672338989862588,0.9770347102076123,0.9640018756972412,0.7355282699452759,0.7314655659721779,0.7353858921995325,0.7306083428710446,0.9842369537123964,0.9764598942181648,0.9853663593875908,0.9745913665056182,Fresh Papaya Leaf
32,0.4543504901960784,0.966889657823914,0.6519607843137255,0.8222068435217225,0.984582614652868,0.96739524343704,0.9729490912892194,0.9692802106401752,0.5745459112719433,0.5630560908987948,0.566381441151851,0.564030296533745,0.9868787495353428,0.9721384781829666,0.9811949135906866,0.9763145600857958,Fresh Papaya Leaf
33,1.2505821078431374,1.5601384083044982,0.6857536764705882,1.7231526336024607,0.8140506299785464,0.807750766898923,0.9798884927319113,0.8059187268271439,0.5303096677092524,0.5234040475838613,0.5312894179422085,0.5220806865601316,0.9672435627174992,0.9592150963053392,0.9820204820224312,0.9549537790916796,Fresh Papaya Leaf
34,1.2177696078431373,2.393756247597078,1.8409313725490195,2.5028527489427144,0.9758122696711397,0.9534884861081464,0.9603009923481588,0.9502571365058248,0.816492862262866,0.8094407551350998,0.8126706519209416,0.8090348913539847,0.970044719011119,0.941296013630029,0.954715886986518,0.9386205534471326,Fresh Papaya Leaf
35,0.9010876225490196,1.993033448673587,1.5236519607843138,1.899746251441753,0.9791136756442176,0.9541591232154942,0.9613389491377612,0.9564914917946248,0.7956249388651707,0.7888039748777085,0.7912296592699426,0.7893075705154056,0.9810775667245664,0.9582606740153268,0.9680531481378628,0.9602146085127158,Fresh Papaya Leaf
36,0.6595281862745098,1.0850442137639371,0.5411917892156863,0.9426374471357172,0.970660278909242,0.9631463206122528,0.9844336229702736,0.964904377148798,0.7470052309117732,0.7432494346080685,0.7482767562929,0.7442123679989892,0.9861138734560456,0.9771750520032504,0.9885938332442388,0.9801719392661185,Fresh Papaya Leaf
37,0.5764705882352941,0.8525951557093425,0.5953124999999999,1.020161476355248,0.9710230780430984,0.954501143124693,0.967393982964473,0.9516781618646294,0.7443735391793894,0.7403941186474741,0.7438714020144113,0.738943622654305,0.9838234599771368,0.9761033442948444,0.9832861190957628,0.9714163413517084,Fresh Papaya Leaf
38,0.5818014705882353,0.9538485198000768,0.6115196078431372,0.981038062283737,0.9777197202186284,0.9625373637709792,0.9737347863745652,0.961302963620823,0.6609013515100088,0.6525903353287413,0.6588290430687744,0.6517875581704341,0.9838579450167914,0.9736079320886526,0.9830476516180324,0.9728581787359026,Fresh Papaya Leaf
39,0.3971813725490196,0.9187543252595156,0.6585171568627451,0.7697654748173779,0.9869681094379744,0.974042619169172,0.9796763114135943,0.975349711746331,0.8154596229604881,0.8107905743405027,0.8124776340339833,0.8117009385103279,0.988688760288034,0.9739035426117684,0.9812696086419628,0.97813654716003,Fresh Papaya Leaf
40,1.0157169117647058,1.3722722029988468,0.5756127450980392,1.3568627450980393,0.9747659166004878,0.9644637305509304,0.9812939734717416,0.9638961470571552,0.7581531178378522,0.75423825698569,0.7612327843886298,0.7541370184482813,0.9763913595045228,0.9681841640546606,0.986620844640635,0.968541429022578,Fresh Papaya Leaf
41,0.6837928921568628,1.321676278354479,0.9535539215686274,1.3362552864282968,0.982475018571003,0.9658772461795752,0.9723085520693684,0.9658647095563928,0.5985405513048239,0.5880222858787157,0.5919797685279093,0.5879868708228715,0.9823761125024348,0.9660341343229262,0.9754429729248372,0.9656578815007736,Fresh Papaya Leaf
42,1.0214613970588236,2.251518646674356,1.765625,2.2187004998077664,0.9763934786163389,0.9478747551570772,0.9559848668664024,0.9500680314435956,0.7730456140037518,0.7649510403137101,0.7679493881145096,0.7651357923440474,0.9798658470469688,0.9557392820491584,0.9652220195751304,0.9563844391752392,Fresh Papaya Leaf
43,0.6403186274509804,0.8919646289888504,0.3776041666666666,0.905036524413687,0.9824599965652674,0.9749612970346808,0.9862642779408032,0.9745902990618466,0.7961395809093185,0.7930463743470818,0.7980973229680107,0.7928954193332518,0.98059252563248,0.9730339771565498,0.9885522281374328,0.9726387836547408,Fresh Papaya Leaf
44,1.1777573529411764,2.7195693963860053,2.256433823529412,2.8038139177239523,0.9754247985062032,0.9471639216127556,0.9528773261456664,0.9442141897747086,0.7919100851548057,0.7826867084365007,0.7854997399536324,0.7823188243019338,0.973836923582475,0.9397599595433755,0.949881083807574,0.9378938929448348,Fresh Papaya Leaf
45,0.8485906862745098,1.3331026528258365,0.7365808823529412,1.3243675509419452,0.9792173908926044,0.968000112527077,0.9790894187607426,0.9661394568860212,0.5784605080393848,0.5686418683033428,0.5773722118520764,0.5663823511194935,0.9740241502366584,0.9593022959139892,0.9774508040631013,0.9595705408778274,Fresh Papaya Leaf
46,0.8586703431372549,1.3273971549404076,0.8037990196078432,1.3751326412918108,0.9764817742309072,0.9611976214177692,0.9729220696957664,0.9616640993728026,0.7414200095440179,0.7360658093059805,0.7410736313413915,0.7359102623774625,0.9811971400851772,0.9710007727122172,0.9823986929487531,0.9699579105867072,Fresh Papaya Leaf
47,0.7664828431372549,1.1543867743175702,0.6202205882352941,1.120307574009996,0.9739226419813928,0.9581644812338568,0.973127156041396,0.9585171910856244,0.6028499571849845,0.5922685533788891,0.6015950298466589,0.5924579263695134,0.9752870171637148,0.96286207042999,0.9799877379238788,0.9639547158750884,Fresh Papaya Leaf
0,2.3167279411764703,4.20638216070742,3.225674019607843,4.38479046520569,0.8801060520361991,0.7837016532103038,0.8247025829562593,0.7768142430426168,0.5151299210517618,0.4633637472141213,0.484276931478236,0.4600844481727971,0.8773377722741112,0.7772105560512887,0.8292390996940404,0.7677553343616715,Papaya Black Spot
1,2.029304534313725,3.0098885044213763,1.87530637254902,3.2120722798923493,0.915573073136884,0.8632951551760333,0.9041210700862944,0.8612149250967108,0.5374415185869116,0.5070870443724422,0.5300754927026944,0.5060840843549327,0.9436225495391684,0.9162525199182028,0.9478598571267756,0.9105481638036604,Papaya Black Spot
2,2.645389093137255,3.930288350634372,2.138511029411765,3.8759554017685502,0.8687237226621418,0.7937017123591518,0.8664599830316742,0.7979009256794724,0.5153746954042002,0.4779441513120517,0.5149265254200085,0.4799780334094379,0.8730434267641415,0.8114436173812019,0.8975558949796808,0.8140554119478287,Papaya Black Spot
3,1.743198529411765,2.983944636678201,2.3459558823529414,3.1479584775086504,0.8638702305246424,0.7616807257084074,0.8026689189189189,0.751581782474516,0.5700713927592285,0.5162205332641976,0.5356110892284699,0.5116065551654796,0.7685640028844244,0.6028451759336857,0.6879419033466566,0.581020128645558,Papaya Black Spot
4,0.716436887254902,1.2148096885813149,0.8741421568627451,1.2859515570934257,0.9368904364630468,0.8844369443705085,0.9026268853695324,0.8807825392600479,0.6007947121881659,0.5808073182531269,0.5895201274727825,0.5791799190803416,0.9587276926292604,0.930060940569657,0.9496432881727374,0.9259651851462328,Papaya Black Spot
5,2.37734375,3.8899653979238753,2.8183823529411764,4.141099577085736,0.8584081423010381,0.7579720198113846,0.8095008650519031,0.7476880837686863,0.5026240702166966,0.4498556101792501,0.4753832497666877,0.4449514631854537,0.8316934000719475,0.7245662564708426,0.8005053519941845,0.7067832867936437,Papaya Black Spot
6,6.218688725490196,9.014086889657824,5.585876225490196,9.741084198385236,0.8565016189368286,0.7763133075958534,0.8386137760994619,0.7663357190341138,0.5334736081878463,0.4998890933153423,0.5283574528699031,0.4948702389578239,0.8583102570588436,0.7947149052576473,0.8728896513680217,0.7781637592939171,Papaya Black Spot
7,3.5784313725490198,5.738177623990772,4.155177696078431,6.400999615532488,0.8917685886235682,0.812550126452624,0.8498981597113333,0.803132575701009,0.5298013771332537,0.4943922069431346,0.5121279211869958,0.4892358152704531,0.9050783922848628,0.8478473836970662,0.8898234159172387,0.8302726522668684,Papaya Black Spot
8,2.3176164215686272,3.6055670895809295,2.296905637254902,3.6608842752787383,0.8505726283160323,0.7606977225953818,0.8317188941753172,0.7582693896012845,0.5115518533816655,0.4640690879026702,0.5008017210427497,0.4626972940814936,0.8166746309789062,0.7146117327845509,0.8181514037463303,0.7102308251248354,Papaya Black Spot
9,3.5002910539215693,5.551311034217608,3.831495098039216,6.014440599769319,0.8755371925319348,0.7912616495968776,0.8345922638175676,0.7799995773869965,0.5414566728218044,0.5018489217219639,0.5225861221331237,0.4966339962998619,0.8697407053361754,0.7934918596767313,0.8576329026472943,0.7762667532770855,Papaya Black Spot
10,1.43515625,2.242245290272972,1.179718137254902,2.224083044982699,0.9067558682126696,0.855994558305977,0.9203728318250378,0.8571104604737823,0.5991783401134386,0.5731231060169802,0.6059513664917348,0.5740960568638404,0.9179260754407508,0.8719114305512499,0.9324907179012308,0.8729181219583059,Papaya Black Spot
11,2.416176470588235,4.016916570549788,2.818137254901961,4.039800076893503,0.8813375033271227,0.7996243004343961,0.8495586017212315,0.799988378991025,0.5139819181968133,0.4739448422558259,0.4981762465335879,0.4741041142751889,0.8909426963479747,0.8187011727463542,0.8728554685919365,0.8176930441580809,Papaya Black Spot
12,2.7513480392156864,5.026897347174164,3.9971507352941176,5.425728565936178,0.8842674838945621,0.7897059924614496,0.8269718223137948,0.7826610218128986,0.5111750823540999,0.4632612087407641,0.4814874347656458,0.459587285513755,0.8959170209631264,0.8097625804716326,0.8487416558800871,0.7946690404543405,Papaya Black Spot
13,2.322931985294117,4.490934256055363,3.549264705882353,4.609965397923875,0.890727966017488,0.7934165364621943,0.8309445645430222,0.789671319053039,0.5455281553193542,0.4916471905282598,0.5117014227592116,0.4897511814522758,0.8764039653920841,0.7605669589090095,0.8109519340003353,0.7542174828052582,Papaya Black Spot
14,1.549111519607843,2.791018838908112,2.22625612745098,2.773548635140331,0.8436300433634993,0.710847070653299,0.754869673831071,0.7129939372430721,0.5064359049308972,0.4353617080499715,0.4558958677234573,0.4363974018718579,0.7557607919277012,0.5604630795507264,0.6492351648219539,0.5632080775126671,Papaya Black Spot
15,3.090257352941176,5.2131334102268365,4.187132352941177,5.682983467896964,0.8777179371764448,0.7839441411533236,0.8175078854677762,0.7777587067270328,0.5154670474024317,0.4702934259854925,0.485605467516398,0.4670284521972647,0.9027277742753508,0.835822146144506,0.8682621197349016,0.8210061386266658,Papaya Black Spot
16,2.193336397058824,3.509419454056132,2.39813112745098,3.67440215301807,0.8976311114577991,0.8348410391680363,0.8836330127528884,0.8303450070840717,0.5492354811146835,0.5142524775305473,0.5414661114775813,0.5121009190489888,0.8960614749825531,0.8334674585468954,0.886401883266188,0.8256243164030413,Papaya Black Spot
17,2.153216911764706,3.478477508650519,2.366360294117647,3.4538408304498267,0.828502335055644,0.7155806602450201,0.7899239864864864,0.7187311325165997,0.4874347056578062,0.4305949933228356,0.4658153483081927,0.4319823429301819,0.7870228429834906,0.6555055310612548,0.7660208360806656,0.6579547658274918,Papaya Black Spot
18,3.2080422794117647,5.951234140715109,4.49375,5.890349865436371,0.8509378535067873,0.7199024044006743,0.770149886877828,0.7228687191316949,0.4921061619993272,0.428400631278631,0.4514635609057946,0.4296034897838527,0.8415098416379272,0.7057746430055956,0.7777912299959419,0.7087799657230357,Papaya Black Spot
19,2.601516544117647,4.3884505959246445,2.9988051470588237,4.380361399461746,0.8727018523755656,0.7822978144500636,0.8377326074660634,0.7830120959394316,0.5145972194142681,0.4682676035784291,0.496686208191167,0.4687963580702941,0.8692302762868335,0.7789976042389779,0.8491879771674309,0.7793957228341517,Papaya Black Spot
20,5.107215073529412,7.502791234140715,4.100459558823529,7.509004229142638,0.8270922403180729,0.7283555046043815,0.8179062041506262,0.7285996662969652,0.4864076787928169,0.4427076091502013,0.4850017455214787,0.4427450074293635,0.8139928424152447,0.7266785740845151,0.8506148682503201,0.7264492192039198,Papaya Black Spot
21,2.396936274509804,4.151726259131104,3.0261642156862747,4.042968089196463,0.8768146681749622,0.7811248927927129,0.8216011500754148,0.7833034631650548,0.5205205339537926,0.4793714363773871,0.498097034117814,0.4806560989792748,0.9009367615730932,0.8283486324538647,0.8749605697490167,0.8328440446100079,Papaya Black Spot
22,2.1239889705882358,3.3925259515570936,2.2585477941176477,3.371072664359861,0.8304995528616852,0.7209437950060787,0.797324870826709,0.7236547273917515,0.4889976431967061,0.4335460621740648,0.4701301070055989,0.4346842222390462,0.7897336567835677,0.6637751837176463,0.7765005794965657,0.6659053663478841,Papaya Black Spot
23,3.291590073529412,5.684352172241446,4.028799019607844,5.416378316032295,0.8923007446742977,0.8110626207683318,0.8560714032376089,0.8164499974085777,0.538005019437824,0.4986222521354017,0.521223911004983,0.5011340191599923,0.8878572066523279,0.8062298743513262,0.8626099644155765,0.8153613556925599,Papaya Black Spot
24,2.963082107843137,5.094702037677816,3.6209865196078432,4.872418300653595,0.8766532739834153,0.7838276755593183,0.8326166342475076,0.7881179052940384,0.5143801034101082,0.4658911207079397,0.490109288808947,0.4680292822007063,0.8724000381560688,0.7802865586201042,0.8441100953083489,0.7898821360471661,Papaya Black Spot
25,3.877343750000001,6.229127258746636,4.224662990196078,6.213856209150327,0.8488501063259153,0.7507414851223462,0.8118579853514631,0.7492853822023322,0.4921588061776868,0.4459967254297147,0.4749646425330778,0.4456151063529926,0.8557763382339649,0.7683293853500148,0.842915385660925,0.7688981814550696,Papaya Black Spot
26,0.8751378676470588,1.3552018454440602,0.710110294117647,1.3853287197231834,0.8975258059954752,0.8443829296424452,0.9158837669683256,0.8422929642445214,0.5512856524569686,0.5192122693056866,0.5627711911415794,0.5183211192054991,0.8513277612535943,0.768937705960069,0.8794474912903156,0.7636048792137371,Papaya Black Spot
27,2.5734834558823527,3.7623375624759703,1.792830882352941,3.5317954632833524,0.8706889847285068,0.802517848164907,0.8863503959276018,0.8102236417945761,0.5128194560897292,0.4768063182259434,0.5213461323595939,0.4808021477288157,0.8673319553198774,0.8058155702528462,0.9076401154698218,0.8177073433092532,Papaya Black Spot
28,5.067325367647059,8.376885813148789,5.262071078431372,8.568750480584391,0.8775700859705953,0.7839975144904523,0.8445647864177879,0.7842174328951799,0.5498378752973093,0.5100951339459742,0.5373477613676664,0.5094184261775735,0.8833080208375004,0.8070995762695606,0.8788113185732919,0.8026861441602241,Papaya Black Spot
29,3.088725490196078,5.628604382929643,4.2102941176470585,5.566843521722414,0.8523374146038507,0.7244433032196109,0.7760992813414958,0.7307698083403356,0.4954330492862697,0.4331479171500764,0.456991760019774,0.4357353526425493,0.8438442791889442,0.7154223237089458,0.7870657539157692,0.7185322388737403,Papaya Black Spot
30,3.0715686274509806,4.87443291041907,3.128921568627451,4.905436370626682,0.8524097240706238,0.7617518914583845,0.8311919971608553,0.7609115046249181,0.4933160172267962,0.4500309866467533,0.4837776353743462,0.4497396335357824,0.8563506389523236,0.7719954039122736,0.8535635945014617,0.770545003137869,Papaya Black Spot
31,1.262316176470588,2.084290657439446,1.1884191176470589,2.0761245674740483,0.92668523886153,0.8796740516362426,0.9297238527085192,0.8802049026830865,0.5694483215238392,0.541878312752044,0.5714395048199988,0.5422663913328523,0.9390142256641796,0.8993204182839826,0.9425334506152748,0.8997096813810511,Papaya Black Spot
32,2.222671568627451,3.516370626682045,2.161397058823529,3.364690503652441,0.8568093281430219,0.7688686251894068,0.8427456747404845,0.7787305877829794,0.5066991601298284,0.4604997309857229,0.4992839741178983,0.4653826749548541,0.8362759328451838,0.7409434303848159,0.8407314435513251,0.7521137372484247,Papaya Black Spot
33,2.076011029411765,4.4649134948096885,3.472610294117647,4.330795847750865,0.9022332983539494,0.7985056921213558,0.8352767531699563,0.8019001626320388,0.5350018976663504,0.4778964070578114,0.4971868456148998,0.4796519390832218,0.9059207278314164,0.7967288782155604,0.841914409234394,0.8028362869638105,Papaya Black Spot
34,2.257643995098039,4.3996155324875055,3.38578431372549,4.397677816224529,0.9002428537529403,0.8122845665507494,0.8500647504062876,0.8139915208386611,0.5228883370290537,0.4765389124552762,0.496061621467402,0.4776127287098046,0.9122737732157132,0.8290952407156856,0.8684419647875781,0.8291644796970238,Papaya Black Spot
35,3.028308823529412,5.886966551326412,4.439705882352942,5.44553633217993,0.9074398572490748,0.8272670285825926,0.849845253626644,0.8215319267773757,0.5249455157448369,0.4826378790313338,0.4947907352173592,0.4806577512635368,0.910800878480154,0.8267264203460108,0.8693431114198635,0.8397099810868798,Papaya Black Spot
36,0.6649969362745098,0.9674740484429064,0.4884803921568628,0.9852518262206844,0.9226316223604826,0.8866734096353474,0.9413848039215684,0.8867306657202851,0.5581096141921474,0.5349993527863125,0.5702090654031852,0.5351004368457324,0.901680747029708,0.8568242481042947,0.9278546833328868,0.8542107188429944,Papaya Black Spot
37,4.931020220588236,7.048166089965398,3.71703431372549,7.213394848135333,0.8281997613600953,0.737503075082419,0.8315648120797817,0.7354419422445019,0.4889399471408965,0.4487609612203123,0.4931071173224448,0.4478128704890525,0.81964182320008,0.7422844398030057,0.8639939345538727,0.7362504825140117,Papaya Black Spot
38,1.306372549019608,2.607120338331411,1.990563725490196,2.4363552479815453,0.8904733626359924,0.7854888293544918,0.8227719458212538,0.7986095356500404,0.5730458630835457,0.5122758822648791,0.5313507117544122,0.5195759684231092,0.8118293789308416,0.6236973871838641,0.7126478280639217,0.6483450685717377,Papaya Black Spot
39,1.7107230392156865,2.510742022299116,1.3810355392156863,2.530334486735871,0.9202664475310932,0.8824855567724704,0.9299205788084464,0.8785702171974792,0.56743330024248,0.5445340318233519,0.5733367656726684,0.5419287709193286,0.9393124297378548,0.910837446854728,0.951074609228816,0.910148504422038,Papaya Black Spot
40,1.9901960784313728,2.998723567858516,2.148529411764706,3.3326259131103417,0.898048088013486,0.8440409936310609,0.8833257918552037,0.8329077608507692,0.5340489783486724,0.5077606089592195,0.5275731468907315,0.5019147174792793,0.913243151594051,0.8693956254996732,0.9064103098936362,0.8548458154724241,Papaya Black Spot
41,3.362438725490196,5.748173779315648,4.123008578431373,5.854671280276817,0.8893132914818631,0.8074220384508506,0.851747945227215,0.806795851264658,0.5278542899813027,0.4872914034381305,0.5092168174745546,0.4870044232730482,0.8869213590934065,0.8066432622454458,0.8612845457925478,0.803065814565031,Papaya Black Spot
42,1.8730698529411764,3.175086505190311,2.2715073529411764,3.257854671280277,0.8474222476152623,0.7359812961750678,0.7956264904610493,0.7277044795660713,0.4961557100615391,0.4382800213930389,0.4673701617022082,0.4345389179167794,0.8176654613301426,0.6906220575355486,0.7786296307212748,0.682554566873399,Papaya Black Spot
43,1.7530024509803923,2.9185082660515187,1.8676470588235292,2.8702191464821225,0.9264237775538052,0.8827896271344146,0.9238964974772984,0.8821297196860917,0.542884848479666,0.5176665708102648,0.5413222190107019,0.5172106257474695,0.93910272352343,0.898569037537427,0.9352473854008994,0.900266763193157,Papaya Black Spot
44,2.39045649509804,3.92238369857747,2.65186887254902,3.749542483660131,0.8734637773378582,0.7819507290095525,0.8301713329562594,0.7866650104989206,0.5115301585582588,0.4714590879728855,0.4936012644840906,0.4738138548153933,0.8980968372791083,0.8326341542354074,0.886934333637211,0.8400071572915846,Papaya Black Spot
45,1.5070465686274512,2.5982006920415226,2.1420343137254902,2.6905190311418687,0.8445168740573151,0.7279105669417087,0.7612594268476621,0.7182315677402182,0.5096777012585884,0.4464977056193754,0.4623589894936199,0.4419493706779621,0.7575186059630733,0.5820781718309211,0.6553708341223274,0.5672260947753714,Papaya Black Spot
46,2.755392156862745,4.410611303344867,2.73921568627451,4.116324490580546,0.8666644485848638,0.7774918870396175,0.846109484517789,0.7942898258762293,0.5104136613196542,0.462880130058006,0.4985571957723476,0.4713612437755689,0.8477236143663057,0.7561817326911414,0.8483922328064507,0.7724496756584455,Papaya Black Spot
47,0.8704044117647058,1.5600768935024991,1.2404411764705885,1.7719338715878508,0.936446205821206,0.8775326745430552,0.8969429497370673,0.8746797177800638,0.5812291448309452,0.5556215112593543,0.5639935091229799,0.55393718320548,0.9628804100859422,0.9334535013563852,0.9470950115703376,0.9244239738921184,Papaya Black Spot
48,1.9409007352941177,3.451534025374856,2.600704656862745,3.675540176855056,0.8988058540723982,0.8189065743944637,0.8565566082202112,0.8094079791796056,0.5310003068829682,0.4872591468294882,0.5070214750765945,0.48222030671646,0.9000813531598788,0.822534994389758,0.8663331697312371,0.811016062329853,Papaya Black Spot
49,3.2924172794117648,5.129965397923876,2.692555147058824,4.563460207612456,0.8864538690187677,0.8144426556694259,0.8789544779266354,0.8256911633551013,0.5233760797735592,0.4863261115552221,0.5194898130750214,0.4920673298647498,0.8789025320157072,0.8114050893353488,0.901130186122148,0.8322356295557503,Papaya Black Spot
50,2.38999693627451,4.121276432141483,2.9230392156862743,4.192172241445598,0.8831533983785822,0.7967018602312719,0.843186274509804,0.7942533345163103,0.5192360857566203,0.4759950690036864,0.4994037461189006,0.4747250678659437,0.890971265789494,0.8117390469205005,0.8664908132095891,0.8085008545314586,Papaya Black Spot
51,1.9752297794117648,3.057301038062284,1.9599264705882355,3.1003460207612457,0.8345904958267092,0.7380233797811653,0.8182531796502385,0.7372337042925279,0.4992448756869859,0.4494122036009291,0.4896587760745803,0.4490204892305057,0.7945049243611203,0.6816896203184742,0.7960360411944285,0.6772124920763927,Papaya Black Spot
52,2.6990655637254903,3.821222606689735,2.484987745098039,4.231034217608612,0.8825728262865957,0.8250552611054613,0.876659216481538,0.8125840973357517,0.5145594824729494,0.4845091174711046,0.5114351355566259,0.4781643228385171,0.8885315810686124,0.8421691457126228,0.8974204771086158,0.8252404385204203,Papaya Black Spot
53,3.155024509803922,5.70316032295271,4.107598039215686,4.951449442522107,0.8656413263018063,0.7546371664028396,0.8054812893849003,0.7822404438363311,0.5495592105941396,0.4939205471474877,0.5174360474172734,0.5065735081100418,0.8633279890135933,0.7525402152493529,0.8220369113635019,0.7851789470340634,Papaya Black Spot
0,5.130667892156863,7.398169934640522,6.43546262254902,8.314617454825067,0.7899803919539894,0.7249262487270163,0.7500147700241393,0.7030583068892582,0.4634597579276085,0.4335600565041531,0.4448929023257287,0.4238427022491151,0.8095002512021048,0.7250732954721104,0.7608209955295134,0.6910067115125489,Papaya Leaf Curl
1,6.145450367647059,8.202614379084967,6.429227941176471,8.364475201845444,0.8038435462960889,0.7505741391280465,0.7941977985977331,0.7533967397272068,0.4964671311714378,0.4723970476414783,0.4917966411373307,0.4726242804732518,0.8041216346263729,0.7384342952347543,0.7949235087093545,0.7332756784801195,Papaya Leaf Curl
2,5.407107843137255,6.974056132256824,5.269607843137255,7.25923875432526,0.7387461183568449,0.6856162735877778,0.7370393044095467,0.6749974270251087,0.4440280865117084,0.4213787630743545,0.4436123965765722,0.4172684391580158,0.7467388103270511,0.6734458274319901,0.7532182324926868,0.6601012743711777,Papaya Leaf Curl
3,3.637132352941177,5.053825451749328,3.5699754901960787,4.896624375240292,0.8133059954751132,0.756425398515364,0.8157164404223228,0.761233726673173,0.4747804197990708,0.4465573105976707,0.4760958900211574,0.4490719165409317,0.8121627151769296,0.7388919162492782,0.8155431750425836,0.7470247613957507,Papaya Leaf Curl
4,3.0453431372549016,4.608996539792388,3.741191789215687,4.923875432525952,0.8861089799590819,0.8363468500163831,0.8633268967097502,0.8275742266800541,0.5316243356740129,0.5057555608327087,0.5194849828845297,0.5011272189522445,0.8965978255061424,0.8436515100444556,0.8729860587462063,0.8329615953567135,Papaya Leaf Curl
5,2.283057598039216,3.017823913879277,2.5037683823529413,3.5953402537485584,0.8673767439668175,0.8325328128234704,0.8580451074660633,0.8081572176381865,0.5149872888525877,0.49585931218141,0.5090840366543657,0.4837362199619285,0.8856112504974747,0.8488297023582343,0.8747124933425312,0.8198895675061678,Papaya Leaf Curl
6,3.87156862745098,4.5784236831987695,2.881127450980392,4.772072279892349,0.7936820157927424,0.7676205705776233,0.83690999024044,0.7522533379956543,0.4668438431632806,0.4541160487210914,0.489186052063923,0.4470136037894895,0.7969211789360164,0.7598781645603624,0.8488178213662848,0.7496981351351525,Papaya Leaf Curl
7,3.6014399509803923,5.494086889657824,4.097227328431372,5.437462514417532,0.8947499814762652,0.8544478687617834,0.8817422095165134,0.8602987831860712,0.6007721118354836,0.5847204182811169,0.5963731621704614,0.5858487644314435,0.922978206977766,0.882633586906821,0.912382739151818,0.8838433115035812,Papaya Leaf Curl
8,5.161228553921569,8.410226835832372,7.181755514705882,8.915032679738562,0.8143539564292969,0.7263377522207903,0.7526104376204024,0.7134665822185093,0.4817793780804951,0.441061386377979,0.453141694303461,0.4357583731154633,0.8318278968551736,0.7257537386906803,0.7657725190156495,0.709292229551282,Papaya Leaf Curl
9,1.3174938725490195,2.06480584390619,1.5179534313725491,2.1129104190695887,0.9015177696078432,0.8539082796209602,0.8882053777393311,0.8519965443155348,0.5349932888825201,0.508988393685653,0.527872112341244,0.5079405546975216,0.9088262265904714,0.8571541058557113,0.8949603026911284,0.8538280635566944,Papaya Leaf Curl
10,3.7576593137254894,5.7950788158400615,5.0306372549019605,6.363321799307959,0.8605934900616758,0.8021481280414442,0.8185891835789915,0.7820934475667423,0.5259147248788807,0.4979197803067771,0.5060519876689014,0.4885746277365589,0.8785985157409464,0.8123743393465579,0.837233863817689,0.7939999638246892,Papaya Leaf Curl
11,2.6658241421568625,4.426928104575163,4.015625,4.860253748558247,0.88138080173784,0.820647283580666,0.8335810247700228,0.8052792103552406,0.5108041218005015,0.4797954152993123,0.4863919294299214,0.4723797514535984,0.9026104286469449,0.838326850762802,0.8533945432082976,0.822506006119024,Papaya Leaf Curl
12,5.283578431372549,6.651718569780854,4.502450980392157,6.562399077277971,0.7331938159879335,0.6883307186063139,0.7660682281962559,0.6909768014738501,0.4627904112293778,0.4450715798778176,0.4788029320759551,0.4452378388995838,0.7264967347047316,0.6553788319073414,0.7667622524687105,0.6600119883591065,Papaya Leaf Curl
13,2.3964154411764707,2.688166089965398,1.6571691176470589,2.945743944636678,0.7916268382352941,0.7698060413354532,0.8459533982511924,0.7560067333769757,0.4701433704434176,0.4588598384091393,0.4992373800534245,0.4525308477408077,0.7584076819360736,0.7288730468699887,0.832989450475248,0.7028991191818675,Papaya Leaf Curl
14,3.488051470588235,5.458269896193771,4.155882352941177,5.23681660899654,0.9069272860588784,0.8597902462777776,0.8899879392577161,0.8641706046817608,0.5518272628736819,0.531177616414782,0.5448264309679695,0.5334662944050557,0.9318134301008956,0.8933249214071431,0.918767832720765,0.8976503112014855,Papaya Leaf Curl
15,3.2587622549019604,5.1365167243367935,4.279810049019607,5.275924644367551,0.8401062156873564,0.7618140535880926,0.7949345452851155,0.7574269190311249,0.4975421389119936,0.4591048009953585,0.4746754388277079,0.4570251702660639,0.8593024891415824,0.7779031762326479,0.8150319845176061,0.7718477284404814,Papaya Leaf Curl
16,3.692294730392157,4.293225682429835,2.287867647058824,4.571534025374856,0.8534464722423292,0.8310365827139147,0.9044873248797368,0.8278565666741386,0.5112550715391782,0.499733919129725,0.5402687175683638,0.4982334096029189,0.8329146876532266,0.8054652684369907,0.896402712762566,0.7928383025126571,Papaya Leaf Curl
17,2.360263480392157,2.7859900038446748,1.6181832107843137,2.857070357554787,0.909651325317402,0.8962139187253246,0.9330694196375438,0.8966930990733446,0.6692347373399962,0.663689892262247,0.6775914909501058,0.6626654419681544,0.9011889294177526,0.8834899749041164,0.9321789129308286,0.8805220758248804,Papaya Leaf Curl
18,3.699325980392157,6.9238292964244526,5.887408088235294,6.559569396386006,0.8393292953424609,0.7398891964713851,0.7690288341843194,0.7491737886080422,0.4879709800938321,0.4399173704940506,0.4533847875554532,0.4438631189515403,0.8559122264701144,0.7304164849944863,0.7706547792353549,0.7445897159513466,Papaya Leaf Curl
19,2.905147058823529,3.307035755478662,1.7225490196078428,3.427358708189158,0.8383504125632153,0.8220998606522726,0.9007603584420192,0.8147227606507069,0.4909654802613569,0.4829201354351226,0.5236736548526121,0.4793959973628401,0.8614894993170054,0.8422478341987386,0.917861276260268,0.8365065686583723,Papaya Leaf Curl
20,2.5920496323529414,3.3223529411764705,1.9706801470588236,3.169826989619377,0.9076991189315212,0.8885186342558271,0.9273213930842608,0.8919960311395876,0.5232997693465911,0.5124629544018413,0.5345185737427672,0.5144131215297235,0.9043223630726428,0.8775156107318242,0.927219750256215,0.8831390597983535,Papaya Leaf Curl
21,3.038311887254902,3.7088965782391385,2.239889705882353,3.571903114186852,0.7951078972029988,0.7631070945563924,0.8405309256055363,0.7654268539249609,0.486668718776718,0.4709262666340378,0.5107538744889181,0.4717010904647682,0.7541530511712845,0.6999880890954353,0.8188323991741133,0.7110700365392876,Papaya Leaf Curl
22,3.0419117647058824,3.699700115340253,2.109329044117647,3.430049980776624,0.7891068339100347,0.7560408168803854,0.846011732266436,0.7712665626342808,0.4663137175086578,0.4500359223900307,0.4958839392971438,0.4570642988623599,0.7829070445494263,0.7360820410923494,0.8495656124630798,0.7553173289418113,Papaya Leaf Curl
23,4.013051470588236,6.988173779315648,6.134252450980393,7.411518646674356,0.8341707674130241,0.7379931542633781,0.7596750767131706,0.7285159914681392,0.4882833287633566,0.443637972341596,0.4536190065787648,0.4391369174874904,0.8547567679914341,0.7470175399566731,0.7779516930583201,0.731689991474485,Papaya Leaf Curl
24,3.1608762254901963,4.701945405613225,3.324341299019608,4.40475201845444,0.9030711323736578,0.8714603377556467,0.8974308924250916,0.8786004515098622,0.621355877084502,0.6091710515829794,0.6196422030536034,0.6113299811635271,0.9305781025364483,0.8968192439176189,0.9269917204325858,0.9033451972791224,Papaya Leaf Curl
25,5.079534313725491,7.315032679738562,5.256433823529411,6.839277201076508,0.8244987602543103,0.765729573325908,0.8134640253455346,0.7741366169227591,0.5275432653586715,0.4990230856928265,0.5208839769567879,0.5043148350552056,0.8257994935343947,0.749203566626401,0.819734889841312,0.7654964291880595,Papaya Leaf Curl
26,3.0738970588235293,3.5529719338715884,2.092647058823529,3.4182545174932715,0.7939937283737024,0.7724542868127643,0.8503806228373703,0.7795156071194337,0.4994065278068555,0.4889655289414382,0.5294712500303054,0.4923067356420833,0.7320669746354913,0.6904297631942218,0.8176569144804832,0.7021676795112042,Papaya Leaf Curl
27,2.3833486519607843,2.812195309496348,1.5183363970588235,2.91523260284506,0.865012608408748,0.8446037914411617,0.9134350254524888,0.838062875225505,0.4991312606037306,0.4882267396027066,0.5263479005633648,0.4847845316478099,0.8842448836845855,0.8633940418961182,0.9262591710613908,0.8583840535416639,Papaya Leaf Curl
28,3.4511029411764707,5.0053979238754325,3.5112132352941177,4.767335640138409,0.9081923277232608,0.8710492781291016,0.9066565360999944,0.8763243243243243,0.5460840430457992,0.5290929501119755,0.5454493263132442,0.5318352776399007,0.9335351724087008,0.9036059427664808,0.9323890182596576,0.9081900627573786,Papaya Leaf Curl
29,2.393642769607843,3.156509034986544,2.429932598039216,3.4817070357554787,0.8627954138386124,0.8336095584538492,0.8644398095776772,0.8142425694259604,0.5012915483602953,0.4855476164357641,0.5020652648236116,0.4759940797480445,0.883327248251471,0.8462352125446286,0.881581479916059,0.8303995302348817,Papaya Leaf Curl
30,4.137944240196078,7.056132256824298,5.909160539215687,7.530949634755863,0.847323422776384,0.7560178828636124,0.7889999071315502,0.7469354601150826,0.5021574238283947,0.458544826113894,0.4734482664350607,0.4541750610985171,0.8661450258226989,0.7715571284190619,0.8087061109501403,0.7561836456342963,Papaya Leaf Curl
31,2.0975183823529413,2.521368704344483,1.3026194852941178,2.457500961168781,0.9185082612051,0.9073418681641764,0.9444980523145412,0.9062139098148094,0.6937689782236569,0.6878977714713492,0.7027886406314171,0.6885954947362439,0.9053540916001724,0.8863785951960119,0.9411887013984164,0.8892518593597353,Papaya Leaf Curl
32,2.8862132352941177,3.868481353325645,3.5370098039215687,4.805367166474433,0.8579437184734837,0.8162564982583549,0.8288576635267284,0.7783333789466846,0.5188807392107294,0.4963010239090681,0.5030236207138321,0.477448152921433,0.8603933683229312,0.812706184367315,0.8290596987747835,0.7673944574638136,Papaya Leaf Curl
33,3.0188572303921566,3.830326797385621,2.888204656862745,4.327643214148405,0.7951191789215686,0.752187493497976,0.8021684328143022,0.732215627473596,0.4660333529471339,0.4451927362063229,0.4695024822746715,0.435593370519718,0.7904691762865184,0.7340632461448848,0.7994227884979486,0.6995315285907321,Papaya Leaf Curl
34,3.247549019607844,4.044982698961938,2.0369944852941178,3.339869281045752,0.8877820120812985,0.8713042584535269,0.9266416540197572,0.8890246091417766,0.5349897825189824,0.526476939793454,0.5572597480154008,0.5356852321319666,0.8821805456344571,0.8533503946684886,0.9261649449152414,0.8789142747468404,Papaya Leaf Curl
35,2.919087009803921,3.2775855440215302,1.9210477941176471,3.560815071126489,0.7975194276239908,0.7829850962299568,0.8595171929065745,0.7623430988081508,0.469945589461086,0.462495679426422,0.5029144647444639,0.4525155794845442,0.7932481596024372,0.7677813303967389,0.8638694298704299,0.7477004967210279,Papaya Leaf Curl
36,4.7154718137254905,6.09039600153787,4.326271446078431,6.383021914648212,0.7628466723227753,0.7179087333274184,0.7717921615761689,0.6965351787773933,0.4484029017173825,0.4279496206273086,0.4526559248651338,0.4191682893478755,0.7705683769358027,0.7035812248531593,0.7893143953619346,0.6893398354537521,Papaya Leaf Curl
37,1.864246323529412,2.37923875432526,1.327941176470588,2.1980622837370243,0.9254837273159098,0.9116566160218788,0.9452821212532476,0.914199469450039,0.5844592584232918,0.5763542936724279,0.5961491246618277,0.5775736264037769,0.9067166246578068,0.8811183977640514,0.9335787192534182,0.8901758305937392,Papaya Leaf Curl
38,4.430882352941177,5.376885813148789,3.003921568627451,5.132795078815841,0.7736851211072664,0.7441242543330879,0.8341584597639962,0.7510433056551518,0.5240147902989473,0.5116752894301785,0.5516733700057245,0.513131052878396,0.7531642034869073,0.700612554490039,0.832585442608974,0.7142044746965943,Papaya Leaf Curl
39,2.407797181372549,4.5263360246059205,4.262270220588235,4.936578239138793,0.8914838803271833,0.8210437896234166,0.8263347264983414,0.8015004026067756,0.519458031828652,0.4835778926666776,0.4864949657405574,0.4748109225691898,0.915152776741318,0.8403514466289076,0.8497067641650315,0.8258966983411261,Papaya Leaf Curl
40,3.153186274509804,4.000676662821991,2.6973039215686274,4.163567858515955,0.8222693194925029,0.785017067922014,0.844103229527105,0.7721859152675354,0.4880603804091445,0.4697362426590632,0.5002884138798618,0.4629182257829184,0.8250396847642918,0.7777832427749924,0.8501421956228357,0.7687379177379159,Papaya Leaf Curl
41,1.375,2.031464821222607,1.7308823529411763,2.260545943867743,0.9193731700825126,0.885162274864697,0.8994610061219057,0.8737391153072,0.5446735116748228,0.5259600775889242,0.5337675397231345,0.5204315792955355,0.926636150636116,0.8916696461341614,0.9076910709114152,0.8794846481881587,Papaya Leaf Curl
42,2.0999693627450977,3.440292195309497,2.6997395833333337,3.58881968473664,0.9037006040621192,0.8462816271839619,0.8773977946113055,0.8421676695027139,0.5533561667502161,0.5230777114346815,0.5386373947871284,0.5209752588475018,0.9086000847845126,0.8503478503974709,0.8825843119238826,0.843888634129024,Papaya Leaf Curl
43,3.2559742647058822,5.157247212610535,4.201899509803922,5.689350249903884,0.8777890285493481,0.8153481305010991,0.84219480347356,0.7958928445413079,0.5432551837790033,0.5145311084691303,0.5277950354549883,0.5053871721595746,0.8918131068961404,0.8283120540524344,0.8601652914131501,0.8106040003213878,Papaya Leaf Curl
44,3.2682904411764704,3.4531641676278357,2.1960784313725488,4.154309880815071,0.7872403762975779,0.781031295655517,0.8505743223760092,0.7465094058846145,0.4699538948290888,0.4668969482699537,0.5033270637230532,0.4502980213065818,0.772232078031197,0.7593312167849791,0.8470270654013212,0.7104618085421569,Papaya Leaf Curl
45,4.053645833333333,6.5864206074586695,6.746492034313725,7.781499423298731,0.8231858778924328,0.7448049834050142,0.7401673287437975,0.7164888853416553,0.4877870882267939,0.4505186694443468,0.4484558674294816,0.4375355874170715,0.832355253937111,0.7277683289408527,0.7214131386860421,0.6783748064594692,Papaya Leaf Curl
0,1.0760416666666668,1.719830834294502,1.2417279411764706,1.4411995386389849,0.9343519042232278,0.9083043140357792,0.9299529198501596,0.919950652406946,0.5273340761479729,0.5159817046349189,0.5251038571014912,0.5208681239420725,0.96390222414677,0.9424666195754328,0.9583961589572888,0.95178928479558,Papaya Ringspot
1,1.348406862745098,2.240861207227989,1.6562806372549022,2.2332333717800847,0.9298672157146368,0.9059815003279282,0.9202434985204302,0.9005537153761423,0.7031133714302837,0.6963313841465282,0.7017060180966976,0.6965064860557773,0.9579064234737968,0.9301070389628544,0.9482343396087614,0.9303553277619542,Papaya Ringspot
2,3.099126838235294,4.101207227989234,2.3401041666666664,3.8197154940407536,0.8275786641095978,0.8046357097005461,0.8613429393412216,0.8056405490957648,0.4989068704001221,0.489836113138838,0.5096691693426816,0.4912801821604828,0.9184935956405916,0.8921563194852111,0.9384652055743896,0.8995510780920141,Papaya Ringspot
3,1.649754901960784,2.205474817377932,1.4552849264705885,2.4160092272203,0.9020636668491058,0.8812396293980047,0.9156448284885936,0.8808552987900653,0.6575154030746512,0.6516870646020891,0.6608942317869031,0.6509778099614792,0.9496682333561122,0.9327800278742274,0.955611172172142,0.9263628773306606,Papaya Ringspot
4,3.51905637254902,5.8098423683198765,4.433639705882353,5.6854286812764325,0.7898332777903833,0.697967320187288,0.7442211590277383,0.7044007013102669,0.4176108491292623,0.3773514523727954,0.3974208760377921,0.3807275140238074,0.8550533913121713,0.7607524605036895,0.817517496335144,0.7658862799187617,Papaya Ringspot
5,3.9627144607843134,6.886582083813918,5.40891544117647,7.1263667820069205,0.7733142484211621,0.6659337109790501,0.7152657109733961,0.6676921658719644,0.4061050606221741,0.3626437395460612,0.381842713230394,0.3628564963185697,0.8554078883225441,0.74871461530952,0.8026615864143358,0.7399619982419495,Papaya Ringspot
6,3.066190159574468,4.450204774747777,3.48279298432102,4.253754203709253,0.7895137482734197,0.7403594629318746,0.7783216636625911,0.747525029009282,0.4071838168052951,0.3876157933624695,0.4026424822429973,0.3902661699399016,0.919784938971878,0.883460647681525,0.908858832408332,0.8886042384596886,Papaya Ringspot
7,3.287269788401254,4.170606011548217,3.111218869467894,4.535272589910764,0.8170065387795215,0.7816664313734354,0.8239131157441449,0.7723107297558527,0.4122212039063309,0.3962250901699363,0.4153900791068103,0.392087338260657,0.8947357461944094,0.8664514960684465,0.900358524626717,0.8547764322401564,Papaya Ringspot
8,2.7918198529411766,3.830311418685121,2.4948529411764704,3.781038062283737,0.8503631265786267,0.8251417576105415,0.8655536166515796,0.8225941273922391,0.5786445932101548,0.5707372989103557,0.5809867917877858,0.5706877061742353,0.9394107332950395,0.916967870608862,0.9458556360349152,0.9180360009139584,Papaya Ringspot
9,3.390716911764706,4.522214532871972,3.379273897058824,4.640968858131488,0.8271173344673152,0.7971887647743897,0.8261550842271363,0.7950633187396832,0.5359924911651393,0.5271583635292894,0.535990835820789,0.5269988145974897,0.9265889219116084,0.9021408614418652,0.9268362300366696,0.8995710604855166,Papaya Ringspot
10,2.9955882352941177,4.361245674740484,3.1615808823529417,4.22643598615917,0.8379914894548732,0.8008468550792565,0.8338511378314197,0.8002784205131094,0.5314009562592044,0.5204061596268494,0.530466025693511,0.5210553266378616,0.935003245708434,0.9054056910224416,0.9314016214371228,0.9083296788657976,Papaya Ringspot
11,3.064935661764706,4.281768550557478,2.8205729166666664,4.012118415993848,0.7990416983460773,0.7523804307397804,0.808183173819375,0.7612683844204776,0.47041249103915,0.454903343461522,0.4739720723685823,0.4577698215159507,0.8914761450052368,0.8483974675177262,0.9001667520629961,0.8579477977045254,Papaya Ringspot
12,2.9139939263322883,4.215883948763988,3.165144579877106,4.146678048086499,0.8182992750783699,0.7742102646731243,0.8111184227522584,0.7702435839282283,0.4209119761570279,0.4025593451230004,0.4182048071324294,0.4009403063014456,0.8944121162947486,0.8472200370777894,0.8852994067568778,0.8497279576377331,Papaya Ringspot
13,3.9511126373626375,5.201575263547094,3.74621804903495,5.274931641128823,0.7534129844914643,0.7064661162729362,0.7622312494786464,0.7017699694697734,0.3895404316469242,0.3689321052692245,0.3934369220812496,0.3673183735217041,0.7920528854031088,0.7260945062744819,0.8027468490373639,0.7222352112880793,Papaya Ringspot
14,2.8361097204839383,4.174232816061814,3.395283806343907,4.377828295385927,0.8130415310371506,0.7492076927746347,0.7826581433309177,0.7481912735335715,0.4467640580811809,0.4170794766932259,0.4325724675638607,0.4174185773172143,0.8651240543281872,0.8014401350994674,0.8384462664994207,0.7917542316597934,Papaya Ringspot
15,1.398508731262556,1.9781107031256049,1.361487322201608,1.971943613707969,0.8651001404805708,0.822781647291475,0.8671240964636127,0.8233959312435916,0.4697060182767075,0.4480152083266616,0.470797764249093,0.4478666868477402,0.8950043120612777,0.8515981157051999,0.8978415130131755,0.8520614617861334,Papaya Ringspot
16,3.2747231250752376,4.820593170805287,3.6301995481927714,4.838912457341101,0.7948683651464254,0.7329843940977817,0.7765949176315361,0.7361110580780315,0.4102069633742913,0.3823348414913746,0.4018186066664275,0.3836340758834619,0.8495988376937416,0.7787047825870033,0.8333270353410057,0.7778656729133284,Papaya Ringspot
17,1.736825286927809,2.2517760126294237,1.7217294034090909,2.392257011605416,0.8517494225388434,0.8156601019269007,0.855065946030218,0.8070776240205347,0.4330552989249804,0.4152556402171703,0.4347247889950241,0.4110961131481101,0.90580971447672,0.8779154620589703,0.906623904916298,0.8702986829622574,Papaya Ringspot
18,0.8512736677535718,1.2100843011812277,0.7363195650376251,1.1646533116281337,0.916453834410682,0.8843635325789936,0.9271792290009584,0.8877824356106974,0.4704241798926425,0.4522898875491257,0.4765883655598019,0.4541634365340337,0.9457045003845924,0.9228209970300496,0.9530349608013392,0.9257185609888248,Papaya Ringspot
19,3.3525030650525283,4.781395793780447,3.728706091530929,4.404686741136475,0.8189737686973015,0.7791977331596476,0.8074107289490129,0.7912283939634089,0.4284978226698784,0.4119904765832653,0.4237080417239218,0.4168015464612402,0.921848650420483,0.8885057578808729,0.9130328403509242,0.8972870756415846,Papaya Ringspot
20,3.028087506520605,4.2287466389615815,2.7885014352818374,3.682936869652151,0.84001318696009,0.8022261073410026,0.8481164179503621,0.8169608109491099,0.4777448334008604,0.463196665605596,0.4817703314952425,0.4688241832329157,0.8973447571703106,0.8565600186129885,0.9054107303671526,0.8750725005143383,Papaya Ringspot
21,3.0670211377870564,3.802405245670264,2.811600156494523,4.135183170467948,0.7850573801224736,0.7475106521440508,0.8002516115765499,0.7396386779517553,0.4126783177065216,0.3954077715023972,0.4191843195059594,0.3921860593330162,0.8501274717060482,0.8141271451812354,0.8625870289425944,0.7978578133364969,Papaya Ringspot
22,1.4358982535321825,2.3529971035001216,1.791911342664135,2.236540119839918,0.8658747695207845,0.8031221090405465,0.8402861583176441,0.8108809674202029,0.4483279722299604,0.4165584951964329,0.4349574856759573,0.4204174746479278,0.9146358285187758,0.8600741001621683,0.8934666713054944,0.8670012976986023,Papaya Ringspot
23,2.748138714733542,3.523322099087033,2.814342147477108,3.8918151892896913,0.8307325455919448,0.8051188184061462,0.8290219069296116,0.7888917384114742,0.4435455607661586,0.4311782934286773,0.442993489300206,0.4244653428894689,0.8638226046909331,0.8254240454506732,0.8605526329979128,0.8071660011595508,Papaya Ringspot
24,2.5257796189979125,3.407091586867528,2.551502999478352,3.384568137192442,0.8100674595515795,0.7579061737989383,0.8088749283327722,0.7634506451462146,0.4150115731998291,0.391245830624955,0.4143452705496132,0.3934509082774656,0.8824195851212453,0.8413976768104316,0.8813221814942664,0.842444833793577,Papaya Ringspot
25,2.4776425352664577,3.3858080562791586,2.663054312660872,3.4848313146030483,0.826461414516695,0.781854356657283,0.8193698926651426,0.7805691325299376,0.4292024565095166,0.4081929698413452,0.4258657685214462,0.4074213224431993,0.882604917010441,0.8394716570139367,0.8737039183264124,0.8347752947839653,Papaya Ringspot
26,2.588175234864301,3.4828721808932928,2.4598591549295774,3.286247757946426,0.7877160536965883,0.7359040288939763,0.7988655565562127,0.7530582049774603,0.4039190760952194,0.3807183619947967,0.4094165527598843,0.3884889174567207,0.8566158098610398,0.806942818932162,0.8637343126684354,0.8178433006808818,Papaya Ringspot
27,9.860563186813188,12.07486973120776,10.570364192955,13.610493731620492,0.6242396625572335,0.5859047986744452,0.6114144998504873,0.5598709064637387,0.3293547356164204,0.3151173173881617,0.3244328337581487,0.3060666898389039,0.6893595240161222,0.6196208648503376,0.6669504975237132,0.5712447548472788,Papaya Ringspot
28,2.986827205882353,4.434594495075025,2.86299382103786,3.934552149498297,0.7747811178472126,0.7043461606026605,0.781064853097955,0.7276403016489548,0.3890323036703915,0.3590379218328063,0.39174692466543,0.3681641748855915,0.8624164842706318,0.7957535050558664,0.8681022558505279,0.8187837824448042,Papaya Ringspot
29,1.874070328810021,2.49907377458908,1.8278169014084509,2.7214266811726304,0.8327640174146727,0.7907174499719946,0.8360397885002832,0.7773439881835149,0.4202918985859828,0.4001876879186898,0.4220130648713042,0.3939141196466243,0.899935818763308,0.8665590505715512,0.9023996004051268,0.8546856989317395,Papaya Ringspot
30,2.1444872129436328,3.063865447381576,2.0198356807511737,2.773648151959775,0.8165228742828321,0.7636766028799271,0.8264130542428378,0.772799881019513,0.4157763513357923,0.3911583619902692,0.4204462594929621,0.3953721326327225,0.8850510798532355,0.8358129780042662,0.8917273701243481,0.8513647576247266,Papaya Ringspot
31,1.597302322546973,2.225992466046569,1.6013888888888888,2.317997523531353,0.8533017353087715,0.8076668456898131,0.8542462012115406,0.8038507449720821,0.4287523340945594,0.4057799289595549,0.428930692621205,0.4040879089170781,0.9101862458111548,0.8748822044145941,0.90998487554381,0.8697115796684499,Papaya Ringspot
32,2.1921328899321857,2.965335973157432,2.222977557411274,2.8668293686965214,0.8127225281890774,0.7807490857477626,0.8097838315270466,0.7842569983767902,0.5583880097749454,0.5464626813173662,0.5565077741519476,0.5473486965634133,0.7814124545277433,0.7046113050530518,0.7783734628005342,0.714421684317038,Papaya Ringspot
33,2.7113511029411765,3.77767012687428,2.370894607843137,3.519369473279508,0.8465206454099887,0.8147607947175345,0.8645212613140352,0.8212362744427838,0.5285409788925588,0.5182430919527837,0.5329133281810647,0.5203015575864842,0.9290974737082096,0.9012804840508032,0.938015457104528,0.9080302001131174,Papaya Ringspot
34,1.3254974859894502,1.9127000494967827,1.383936660901079,1.956288153770005,0.8469995182513103,0.803835334357113,0.8436496328397737,0.8037247439493356,0.4379478046335353,0.415532599315237,0.4359732931315541,0.4155567562648773,0.8806093680912221,0.8277416684010637,0.8753263707060072,0.8238156170334501,Papaya Ringspot
35,2.9440716911764704,4.924429065743945,3.617677696078432,4.600445982314495,0.8015126245308712,0.7228227276395636,0.7693440700617352,0.7287782028134855,0.4196343126803461,0.3841028868423488,0.4042956763667743,0.3872645382247067,0.8796063683219364,0.7983672431346481,0.8520957079402793,0.8116370246123592,Papaya Ringspot
36,2.91860977976418,3.952383758618658,3.1513827144351465,4.21495079262184,0.7506072639308532,0.6953219553139924,0.7397884076784587,0.6846399322227554,0.3850235492985903,0.3616613331278819,0.3802321546248746,0.3571489002886711,0.8382192299577247,0.7809146349908137,0.8253400113654153,0.7663602634568898,Papaya Ringspot
37,1.9640226295008545,2.616728531892289,1.793787344323663,2.583357379887462,0.8639986161409993,0.8278496339313623,0.8728156353024323,0.8310604300798629,0.4499504357547374,0.4318947387656954,0.4540571843542227,0.4337132026782552,0.9200395804945564,0.8934065088540155,0.92698733844326,0.8947663106594915,Papaya Ringspot
38,4.852544642857144,5.957388777107086,4.7674409027263,6.584477807013019,0.7508084928391281,0.7222576525012316,0.7543217325007185,0.6974577003681544,0.3886781050869486,0.3765844045210698,0.3900857678485454,0.3671990388200274,0.845002647560767,0.8096504375942639,0.8477394166527636,0.7896078344929427,Papaya Ringspot
39,2.125750260960334,3.011559031759566,2.1034004955659884,2.9956972174032366,0.8593634574752931,0.8139204599212408,0.858039825680394,0.8125274041372319,0.446910502988526,0.4247316235521528,0.4462160654400171,0.4240773787400093,0.9148249854325622,0.8792599740905997,0.9157219024582488,0.8798957764505603,Papaya Ringspot
40,2.1282766040688577,2.9613958396633566,2.179185151356993,3.034334048830212,0.8428524922452947,0.7928017565882198,0.8354424584671374,0.7924164636917259,0.4229014643031207,0.3992111365922495,0.4193055474884236,0.3990897208722481,0.9096888768140348,0.8743375314836825,0.9075829397332142,0.8712474534798039,Papaya Ringspot
41,2.531739045383412,3.416010794528246,2.501768006263048,3.2685236914411546,0.8018394191714685,0.7480256193313304,0.8011239783781647,0.7598219507498,0.4074150490873086,0.3824580700380284,0.4069349953037591,0.3876978153489686,0.8621595860145633,0.8140699275558938,0.8637994581402704,0.822095452563315,Papaya Ringspot
42,2.2406885758998434,3.111986696332017,2.3748793058455115,3.0599285809965338,0.7842244492596605,0.7319007637570372,0.777283748111971,0.732566423977521,0.395983565109365,0.3722668322322984,0.3926908905574556,0.3726652177456811,0.8502579208984176,0.7920833858100527,0.8412927129045108,0.7955618699991173,Papaya Ringspot
43,3.5541634063641103,4.576331101897864,3.6050724164926935,4.731525315194343,0.7310486948822648,0.6853629365063401,0.7291629082543634,0.678727933457256,0.3761381556158594,0.356606092697358,0.3752391900779813,0.3540939290038625,0.7749190217823417,0.710224897552734,0.7717039299276025,0.7003963177511181,Papaya Ringspot
44,2.917675064471335,3.7703430615038194,2.80178046630094,3.8759793172129258,0.8356175746605964,0.7983751078379643,0.8364005424395335,0.804623619633729,0.4702842473835827,0.4562973920186978,0.470299052004571,0.4586030963339024,0.9067873430064726,0.8795548386425827,0.9105030783241308,0.876180376558508,Papaya Ringspot
45,3.168995098039216,4.894640522875817,3.9238817401960784,5.250565167243368,0.796130417492821,0.7333454357589589,0.7745345071596427,0.7187941855555448,0.4086865916529675,0.3818708513308096,0.4001203098663437,0.3755912392561557,0.8842576281464309,0.8214524468572887,0.8571094467772561,0.8084744997857897,Papaya Ringspot
46,1.2221537558685445,1.744567614454997,1.3467706158663884,1.908171366403011,0.8907082273358896,0.8533072879056618,0.8825716234622779,0.8457850865914298,0.4448655555080039,0.4259695668345205,0.4404970407662162,0.4222191384080145,0.9409154489489844,0.9156555521925251,0.9348855201094276,0.9077430358243698,Papaya Ringspot
47,1.7357495695788363,2.509686471318332,2.070787617554859,2.7496627273217853,0.8809098452274681,0.8422172484346546,0.8690487098773914,0.8323694519985891,0.4523849905413353,0.4335759359928555,0.4471861397086526,0.4286643890586432,0.9352047501264764,0.906351603476576,0.9227855811161868,0.8973980524844043,Papaya Ringspot
48,2.500104329681794,3.4982210591314065,2.5852916231732777,3.3497309535711137,0.7598130091087838,0.7010868917805317,0.7529498805604625,0.711841360243254,0.3821841038796635,0.3564375783211622,0.3791649293973214,0.3609355934408731,0.8162259910085845,0.742915590443986,0.8099905919077512,0.7538292446970554,Papaya Ringspot
49,2.238009906759906,2.984208279982928,2.140532081377152,2.9633788225337523,0.8495245047901101,0.8118743541758301,0.8512245940414955,0.8136640025242765,0.4388506359465556,0.4213594634739956,0.4394757836511964,0.4215974560507008,0.9213424465486174,0.8951654723207276,0.9247887631282328,0.8958972279335934,Papaya Ringspot
50,4.381801470588234,6.759031141868512,5.476715686274509,6.897101114955787,0.7299281747659476,0.6443709884466753,0.6884230090881762,0.6427952807367809,0.3807624508992082,0.3474618888675869,0.3647876748319006,0.3470012239233842,0.8050961056826536,0.6991483027382788,0.7562233173823361,0.6930005986893942,Papaya Ringspot
51,4.717527386541471,6.316295359725039,4.8323134133611685,6.336440354023935,0.7127312225232689,0.6566337401284079,0.7043762050761194,0.6571991733079768,0.3799040565118751,0.3571275946771364,0.3761742284403925,0.3574557102429259,0.7684831342166143,0.6898104762595004,0.7627099772000534,0.6888206339575448,Papaya Ringspot
52,4.183102818371608,5.685086627396016,4.232655190401669,5.765578392647699,0.7493447578811919,0.6974087598597853,0.7449510312645571,0.6959960504054716,0.386754677961214,0.3650438427901761,0.3852672875236735,0.3645457863940146,0.8174845129433854,0.7519005671018697,0.815261751758547,0.7483864998275005,Papaya Ringspot
53,4.907475490196079,6.016547481737794,3.410998774509804,5.800953479430987,0.7366890603841864,0.7014063612732356,0.7913542477084667,0.7051531359855117,0.3981364196803652,0.3845712459827242,0.4197412676823824,0.3850751851290052,0.8374691645983013,0.800769454996921,0.8869340148853349,0.8079123495939208,Papaya Ringspot
54,4.819316789215686,7.535563244905806,5.594485294117647,6.563367935409458,0.6928011546670133,0.6002810003785488,0.6602992624142008,0.6275127550409142,0.3643705392654566,0.3303874584605095,0.3527092890364078,0.3400884532366957,0.7944972858919875,0.6787077430647412,0.7613928875746496,0.720148029254912,Papaya Ringspot
55,3.212177457509917,4.380588112982479,3.142857663170163,4.238455337046887,0.8112368272663147,0.7663445027303604,0.8109086548565978,0.7702738147525648,0.4296920970278755,0.4104084497274337,0.4292100023248291,0.4119325221005598,0.8941119992939959,0.8556113718630436,0.8963699517064747,0.8602970247434747,Papaya Ringspot
56,5.931878434065935,7.752250253658705,5.336682865222524,6.855034480386593,0.6904592624578392,0.6421837907563257,0.7092627232170448,0.6620162393452852,0.3670013099287296,0.3484918890730002,0.375355990505949,0.3560043810961196,0.7700169594972851,0.6994830165768413,0.7930852797712886,0.734261491222213,Papaya Ringspot
57,4.879046474358974,6.836370202567386,4.488168286203006,5.659870645786139,0.7555802524248926,0.7004698798977236,0.7652279008560818,0.7233250218650014,0.3833672597035126,0.3606991057240969,0.3877496497781504,0.3701716277292982,0.8473141135415617,0.7861003959306344,0.8595582088500451,0.8229108710255247,Papaya Ringspot
58,4.953405448717949,6.23915938000445,4.17833460712596,5.752997654406105,0.754568818976038,0.7189398124862435,0.7790020285195159,0.7321625154093594,0.3858100974411628,0.3708478282764622,0.3962643755854148,0.3763937207020432,0.8472539203503859,0.8075888017700981,0.8710878772596745,0.8225817858131764,Papaya Ringspot
59,3.3960621610801764,4.366777197763113,3.7247851107226095,4.881684304219515,0.8258279857381553,0.7948479034724569,0.8147286547930533,0.7833995743547946,0.5100306490978898,0.4969746128690569,0.5055879615334056,0.4930898844340934,0.837382052365469,0.791089305343266,0.8217881452063697,0.7664558515785239,Papaya Ringspot
60,4.585048076923076,5.740160621850762,4.050881311259369,5.736401313866102,0.7258414631852823,0.6848514851642153,0.7477312120514144,0.6796104398205673,0.3703196259327258,0.3533297484828552,0.3797615853320364,0.3514887918198181,0.8045678518745506,0.755356851436337,0.8273413376152291,0.7555174541335417,Papaya Ringspot
61,3.7905630827505834,5.333555854682615,4.027630381773848,4.879214682031583,0.7951076005820762,0.7435657285609696,0.7824064178490604,0.7588679147767734,0.4094405775193259,0.3865364329650745,0.4037019222882672,0.3933590607879346,0.8705454619663445,0.8179026156456074,0.8625039197259702,0.8334135756050475,Papaya Ringspot
62,7.492117043345344,9.647894619725603,7.864943910256411,9.281387365894409,0.6695550393703523,0.6255253742705358,0.6623702613582978,0.6313937139634235,0.3554275664202316,0.3402398446135915,0.3537422897803953,0.3407938644967087,0.740817711137435,0.666458007860546,0.7280468311007999,0.6791286599090431,Papaya Ringspot
63,7.35487012321381,8.492635854025197,7.62136214442013,9.74930399317862,0.6810596406067124,0.6569155121731091,0.6784495111753064,0.6297532630594136,0.3560172735393712,0.3467358931675875,0.3545760233488263,0.3368233723025625,0.7965339824788441,0.764970182807165,0.7891761202553281,0.7301849324678243,Papaya Ringspot
64,11.034289006856438,13.495267578298511,8.399454148471616,12.142334843607983,0.6284406968207554,0.5908485393149152,0.6771279505280852,0.6113142803498353,0.3377732472515657,0.3235241282729246,0.3567910684973598,0.3313180138036676,0.7297978732993211,0.6694550012265149,0.7942793044073132,0.7025929529529339,Papaya Ringspot
65,8.463223787167449,10.16654311835928,7.772642543859648,9.879746314142164,0.6650599049039545,0.6330994108351538,0.6818782916978043,0.6344808437408019,0.3521673551461589,0.3401021697662532,0.3585534060523211,0.341248915388281,0.787857643238423,0.7451012499117563,0.8051731137545882,0.7522922458811995,Papaya Ringspot
66,3.005757494994225,3.550076535067443,2.6666199398249453,4.3025172674755074,0.8306771874402408,0.8068280109007949,0.8459536989523874,0.7845067777061638,0.4166684116469511,0.405512711468296,0.4238812528019713,0.3955930785548704,0.9045970327812772,0.8872959682539809,0.9153273315947816,0.8634082860551258,Papaya Ringspot
67,2.038143382352941,3.0714186851211074,2.3622089460784315,3.221883890811226,0.8950383809697647,0.858586220552026,0.8825439011730483,0.8558512396621034,0.5628831193102627,0.5519762099181404,0.5593642857516703,0.5504292877295475,0.958157779596818,0.9369995610399138,0.951504565695364,0.9339132496984668,Papaya Ringspot
68,4.15734064140291,6.066193054945716,4.560345473621103,5.654597448801523,0.7920803146774026,0.737976507693646,0.78126355341993,0.7461484985156969,0.4037980784995249,0.3803652628677648,0.3989422560978319,0.383661639075476,0.8598095911765857,0.7954735308849139,0.8462209229043649,0.8093519374946527,Papaya Ringspot
69,2.0539062500000003,3.134609765474817,2.416191789215686,3.285813148788928,0.8944057142499967,0.8563959036743701,0.8801310982267265,0.8536687624084138,0.5648759282547939,0.5536315278285961,0.5609338805452972,0.55211233814709,0.9574387577019088,0.9351041527905558,0.9499314417933798,0.9319737929395916,Papaya Ringspot
70,2.454473806212332,3.5658807713248404,2.460198928056071,3.594311311577356,0.8237706437583134,0.7683785997808801,0.8241285850673903,0.7684337352251172,0.4136186331833063,0.3897336294069411,0.4136938537844589,0.3896152003025072,0.9143125611779066,0.8754692252108184,0.914068238504548,0.8744741976681629,Papaya Ringspot
0,3.2432904411764705,3.622883506343714,2.199632352941176,4.034202229911572,0.8586326002437726,0.8446558459916746,0.8997551521712316,0.8288768630879406,0.5320378264585798,0.524360945144771,0.5551685167455412,0.5164432326590515,0.8322519977563118,0.8124283462909878,0.8861261825014464,0.7911284056484138,Powdery Mildew
1,3.3800704656862743,4.558308342945021,2.6386029411764707,3.647135717031911,0.8531041589912922,0.8175195714161028,0.8808783157617974,0.8410116345444718,0.4984576673762156,0.479722616685013,0.5132390707233422,0.4921026100402882,0.8657484387375738,0.8188075362177919,0.8952114244113706,0.8550363838182659,Powdery Mildew
2,3.5645526960784317,4.496301422529796,3.2403799019607846,4.581976163014225,0.8517858009899137,0.8180394465110474,0.8611992607025152,0.8160269506592104,0.5002756522701332,0.4824493326829218,0.5052867300110926,0.4813420167616155,0.8476385428236759,0.8077282065254601,0.8615810311690828,0.8040611579255285,Powdery Mildew
3,3.4411764705882355,4.856193771626297,4.434344362745098,5.779392541330258,0.8574362409680791,0.8107425985124277,0.823611901753583,0.788192909767329,0.5537762517916427,0.5301665819181514,0.5363680656913706,0.5198730562165246,0.8105430654070471,0.732073317454534,0.7555307935213547,0.68113475315066,Powdery Mildew
4,4.106158088235294,5.545128796616686,4.135033700980392,5.217500961168781,0.7498921929065745,0.6936520885632222,0.7518060301326411,0.705291991767872,0.4423713330776939,0.4169818074979701,0.44307339797461,0.4221451429987637,0.7293667584652269,0.6347286289671157,0.7277862912492359,0.6563106698707647,Powdery Mildew
5,3.608946078431373,4.366120722798923,3.0712162990196075,4.531334102268358,0.7640083621683966,0.7258587240201733,0.7976472570645905,0.7246840988759979,0.4519281635565091,0.4344766282823168,0.4685376737818759,0.4337355756883085,0.7546984895908131,0.7030427754977135,0.7912391974341897,0.6917998928375507,Powdery Mildew
6,2.026393995098039,3.478800461361015,2.872870710784313,3.1710880430603616,0.865384533592849,0.7988681457358031,0.8263968245386389,0.8104106565348169,0.5083266493933304,0.4730636236423799,0.4873640296634542,0.4787216440967481,0.8555923873497756,0.7520775848674633,0.7951248568402011,0.7740247738234188,Powdery Mildew
7,4.107843137254902,5.293717800845829,3.2762254901960786,5.053071895424837,0.7802519740928047,0.7313590143714304,0.8168203797356046,0.7367928033248612,0.459258518097833,0.4367543493557879,0.4773266689405593,0.4393638118680769,0.7886315148281114,0.727421273116788,0.8313603126971402,0.7398033884873705,Powdery Mildew
8,2.765548406862745,4.401261053440985,3.347732843137255,3.790311418685121,0.874642439972485,0.8219282499014222,0.8544312642146584,0.8373351475142145,0.5265045325562047,0.5007390326842984,0.5167272177509218,0.5084047966202493,0.9014363493567832,0.8431475518526741,0.8807148089566755,0.8648899256903861,Powdery Mildew
9,3.971568627450981,4.7760092272203,3.2642156862745098,4.637231833910034,0.7986593913583533,0.7681400783896204,0.8262572087658593,0.7737382037190708,0.4656268198268071,0.45092843459066,0.4795072734129391,0.4535171265342982,0.8091628681884981,0.7705481315020831,0.8432244651673857,0.7772131055842525,Powdery Mildew
10,3.5163756127450982,4.247427912341408,3.101102941176471,4.271510957324106,0.818128652903469,0.7957281518942418,0.8424406108597284,0.7931353029899741,0.4763769312137718,0.4652399040548137,0.4886649835378748,0.4639074442512318,0.8401910919932603,0.806894048400437,0.8592808489178153,0.8058000564772922,Powdery Mildew
11,3.3718137254901963,4.262975778546712,3.3455882352941178,4.401753171856978,0.8204815455594003,0.7875872175859964,0.8248775618844824,0.779423841508922,0.4782804162085133,0.461624515550892,0.4805118109226144,0.4576751742744416,0.8255645506030321,0.7792082987651898,0.826965244559188,0.7720393464124699,Powdery Mildew
12,4.312882965686274,5.701853133410227,3.747640931372549,5.181545559400231,0.8577751842962353,0.8206237749222629,0.8757870205579821,0.8433663444480407,0.5007623826305257,0.4814629807308096,0.5103083241518892,0.4932418220812548,0.8817125827581263,0.8435026344596979,0.897556695305067,0.8577832556694098,Powdery Mildew
13,1.977527573529412,3.3178931180315265,2.715609681372549,3.3542483660130715,0.897917561517181,0.8512512460934674,0.8736801986264803,0.8522450085839033,0.5336842932039241,0.5071413731084065,0.5194972622221264,0.5078124228758856,0.9284377771790892,0.8796278345162032,0.901836963338144,0.8783218231967272,Powdery Mildew
14,3.4239430147058822,4.546912725874664,3.319653799019608,4.506559015763168,0.8369920107466063,0.7965739804217313,0.8407825461915536,0.8030519622630349,0.4995176820912366,0.479649611270014,0.5010060622849555,0.4834553254606631,0.8458089574514916,0.7951900676495112,0.8505944216813225,0.7970164310696687,Powdery Mildew
15,4.760278799019607,5.502806612841215,3.3676011029411765,5.554540561322568,0.7696414262820512,0.7429698636619052,0.819998939479638,0.7422548723863602,0.457623388195911,0.4450093476687942,0.4829141629318635,0.4447436018332327,0.7407921073497644,0.700005925659279,0.8168110948294782,0.6971783394330822,Powdery Mildew
16,2.62671568627451,3.6807689350249904,2.924172794117647,3.990357554786621,0.8675612745098039,0.824731316357614,0.8545114536199094,0.8175370419661077,0.5093287909494953,0.4875094080317192,0.5024616654882209,0.4834233681625532,0.8853979384184362,0.839367166908001,0.8724139100042005,0.8258594052388188,Powdery Mildew
17,2.726363357843137,3.800522875816993,2.9794730392156863,3.782129950019224,0.8590454138386123,0.8159490136929585,0.8420819193061841,0.8090248129417679,0.4989822823405628,0.4760147672341831,0.4896750121988741,0.4723769011540828,0.8655972132426072,0.8126817063690409,0.8530670923767559,0.813586521190501,Powdery Mildew
18,2.75,3.430311418685121,2.4090686274509805,3.5095424836601308,0.8514373170082512,0.8240404995642121,0.8666797533493036,0.8180972233095172,0.494246900543813,0.479850991645353,0.5025023792308025,0.4769731038153389,0.861483488063146,0.827001482151011,0.8786141742900119,0.823002337262265,Powdery Mildew
19,4.058180147058823,5.395140330642061,4.236228553921569,5.61119569396386,0.7469058174740484,0.688106583440758,0.74224666594579,0.6835742271072212,0.4591405285861707,0.4334740181012807,0.4572725405610892,0.4318393809945557,0.6871449746068232,0.5838395479854093,0.6732679167146564,0.5671790445708754,Powdery Mildew
20,3.0792126225490195,4.951818531334102,4.03780637254902,4.768181468665897,0.8195014375942685,0.7410652707538521,0.7769141214177979,0.7496414988318103,0.4905003402393012,0.4523931665606532,0.469194761086138,0.4562058879466092,0.8273497896591532,0.7223612397307739,0.7739364466204266,0.7326604565117746,Powdery Mildew
21,2.511795343137255,3.752449058054595,2.895189950980392,3.48076893502499,0.8341137903690888,0.7754724382025012,0.8136699466551327,0.7870591853811884,0.4947488532818784,0.4645766982626543,0.4836671982818057,0.4702293286750667,0.8132349971304244,0.7207676270664768,0.7845565599541906,0.7409970265187005,Powdery Mildew
22,2.1409620098039217,3.275678585159554,2.689460784313725,3.328565936178393,0.8467324466551325,0.7876733202162064,0.8168165369088812,0.7842731619060543,0.5158586203130078,0.4870844583924954,0.5015444029014854,0.4852933347155359,0.8569309934581407,0.7806918153104405,0.819941772283678,0.7771292586146098,Powdery Mildew
23,3.0830882352941176,4.515432525951557,3.5598039215686272,4.34565167243368,0.8375079850944902,0.7770549927716628,0.8154706769585662,0.7834079965763254,0.4931247146148664,0.4623241590869981,0.4817818631059177,0.4658046166024687,0.8321612561411532,0.7536775722235225,0.8060488042877608,0.7629233474931382,Powdery Mildew
24,1.902941176470588,2.7046828143021915,2.367647058823529,3.087550941945405,0.8988794250731966,0.865313647204956,0.8760580250199628,0.8489485944320059,0.5543267637639883,0.538323021509895,0.5434674244323809,0.5303119665065855,0.9119221639148632,0.874590841192202,0.8902079453317573,0.8568434512114069,Powdery Mildew
25,2.945235906862745,3.320492118415994,2.087438725490196,3.2370780469050366,0.7971147455305652,0.7798342718863784,0.8422427912341407,0.7810129678630391,0.4791257287264335,0.4706764663375487,0.5022037310867187,0.4712635378489161,0.779441923927195,0.751074317832334,0.8438707797095221,0.757357909497633,Powdery Mildew
26,3.1487745098039213,3.8938869665513263,2.976470588235294,4.054563629373318,0.8260635702244699,0.7935220320760723,0.8386691509182859,0.7889444400952643,0.5061237311922665,0.4897051616031657,0.513283281461676,0.4873383078302026,0.8048078699534372,0.7584396945215993,0.8158270959795648,0.7484658012572697,Powdery Mildew
27,3.1058517156862746,3.642183775470973,2.6253523284313727,3.99361783929258,0.8330639611613875,0.8051687812379854,0.8500034172322776,0.7965638068198622,0.4963631780149579,0.4825291602212105,0.5049734387798827,0.4782810477170708,0.8408048085506945,0.8131099421281558,0.8655371065346905,0.7950892522588427,Powdery Mildew
28,2.4862898284313726,3.580653594771242,3.053737745098039,3.612349096501346,0.8520827441553545,0.8062321592286991,0.8269122360482655,0.8062623251412178,0.5133225115312763,0.4902579087284278,0.5007191181018485,0.49028148730881,0.8681321030281279,0.8096353243267265,0.8376395414559072,0.8079510007673246,Powdery Mildew
29,3.019240196078431,4.417870049980777,3.645833333333333,4.078123798539023,0.8008556805074971,0.7384687337449396,0.7699012399077276,0.7487439491598253,0.4790199071182651,0.4498235003495752,0.4644407479050051,0.4537244421565101,0.7790502444567338,0.6767645650210796,0.733143012734382,0.7016306973879923,Powdery Mildew
30,2.3487132352941176,3.449903883121876,2.250811887254902,3.3157400999615527,0.8870180946785512,0.8431327826719843,0.8933007530590594,0.8487203579515168,0.5208323385226947,0.4968200104670607,0.5241786765665118,0.4998831206910372,0.9005336334883154,0.853747186223843,0.904895210622662,0.8594334440707625,Powdery Mildew
31,1.4113511029411767,2.33920799692426,1.7441789215686276,2.282737408688966,0.904730274321267,0.8591671842190872,0.8894376885369533,0.8615151568923195,0.533782722576869,0.5074828940255415,0.5246479924863721,0.5088399442350188,0.9200184157355716,0.867175419383607,0.901306693637134,0.8703841076915216,Powdery Mildew
32,3.257521446078432,3.784252210688197,2.4065716911764707,3.7799461745482494,0.8009326160611303,0.775697437637108,0.8400547685986158,0.7716345658909469,0.4737334650208288,0.4615128400705403,0.4940579318623818,0.4590417267269608,0.7665419108282281,0.7285718663327716,0.8274456568909545,0.7288892560412954,Powdery Mildew
33,5.330407475490196,6.625344098423684,3.624816176470589,6.277431757016532,0.7735229865971054,0.7341384255314942,0.8391252081480423,0.7434866277141375,0.4629930470251663,0.4445724004932645,0.496485779636817,0.448837066489243,0.7650310803252127,0.7079121704370124,0.8402996834513847,0.7232507795376719,Powdery Mildew
34,2.575076593137255,3.630588235294118,2.5518382352941176,3.343713956170704,0.8525281627073906,0.8053535622393754,0.8509587104072398,0.8181730103806227,0.4962486691040294,0.4713399902665154,0.4953558738742345,0.4780093074960405,0.8653244131048526,0.8100953414297773,0.8665921158136862,0.8250923429669856,Powdery Mildew
35,2.7184283088235293,3.903683198769704,3.0297028186274515,3.7601230296039994,0.8803095679731168,0.8397179788015452,0.8657992217034978,0.8471235630892688,0.5421482636948864,0.5226598782908586,0.5347365688098631,0.5254734248360838,0.9008243600482316,0.8574667262680022,0.8895559595588044,0.862710113075467,Powdery Mildew
36,3.502466299019608,5.111480199923106,3.8747242647058826,5.060453671664744,0.8443295237440247,0.7866183886470534,0.8309703644660048,0.7900538403026078,0.4934123980910607,0.464122870321734,0.4864510415425528,0.4658238151191126,0.8580089888921856,0.7925965047362166,0.8428557447388854,0.7946543422477286,Powdery Mildew
37,3.89234068627451,4.9902037677816224,3.493259803921568,5.221745482506728,0.8574303731984065,0.8243005857294075,0.8715608091132689,0.8215900690084961,0.4969462518226955,0.4798992836304311,0.504264969606297,0.4784741356353126,0.8805270035764523,0.8466369767804813,0.8926942587898339,0.8395141347222711,Powdery Mildew
38,2.5629442401960785,3.913910034602076,3.2867034313725494,3.931518646674356,0.878944137440734,0.8243274782338391,0.8463243138553291,0.8205765544573983,0.5567027336423022,0.5269863945748605,0.5378771556750854,0.5245699611900492,0.861183403052551,0.78795282005794,0.8222747726356305,0.7870014165261068,Powdery Mildew
39,3.219975490196078,5.043444828911957,4.157858455882353,5.234525182622068,0.8835924316413541,0.8308814378909277,0.8565764337675285,0.8242788745204039,0.5115760045513806,0.4839074833762768,0.4971643058816209,0.4806562613540966,0.8997535931335803,0.843126372005947,0.8705548468478286,0.8371893512977447,Powdery Mildew
40,2.5803921568627453,4.183252595155709,3.707598039215686,4.446535947712418,0.8612013131044272,0.7903956327274055,0.8125261733652738,0.7866657759546014,0.5288636401205488,0.4915631298658818,0.5028951335638281,0.4901376107942496,0.8376062554902219,0.7363791726618041,0.7665181355155729,0.7197763240884391,Powdery Mildew
41,1.7833180147058825,2.3665051903114187,1.9876378676470587,2.2817993079584773,0.8320507501987282,0.7848828205367998,0.8116992498012718,0.7905253904423455,0.5084842343149106,0.4834204606695746,0.4967804165612318,0.4858716288752309,0.8014581920707531,0.7365494232538645,0.7791074371714054,0.745972835323604,Powdery Mildew
42,3.2988970588235293,4.694332948865821,3.449708946078432,4.2245751633986925,0.9043010263945052,0.8774173880657516,0.9018779608216536,0.8839003759384949,0.5844145553183296,0.5719155597242555,0.5832309932696707,0.5751253534489734,0.9147767642897264,0.8788373522727997,0.9108900833279744,0.890961660483026,Powdery Mildew
43,2.352466299019608,3.587866205305652,2.7459099264705884,3.334901960784314,0.9014039401180128,0.8581404060419912,0.8849270208821582,0.8641051125098922,0.5586637502500817,0.5374315023843748,0.5512555847049232,0.5412644521971869,0.913853275418242,0.8685340495961764,0.8994697162783223,0.8778613067607618,Powdery Mildew
44,3.3800704656862743,4.558308342945021,2.6386029411764707,3.647135717031911,0.8531041589912922,0.8175195714161028,0.8808783157617974,0.8410116345444718,0.4984576673762156,0.479722616685013,0.5132390707233422,0.4921026100402882,0.8657484387375738,0.8188075362177919,0.8952114244113706,0.8550363838182659,Powdery Mildew
45,1.7039062499999995,2.8668512110726643,2.3459558823529414,2.845121107266436,0.9000189367317462,0.8551148711374891,0.8765952780255147,0.8554895771795088,0.5385331454057586,0.5128560648500821,0.5247719321202129,0.5130686467577031,0.9171911638547942,0.8602740571829439,0.8861368456996782,0.8613324686845942,Powdery Mildew
46,4.258333333333334,5.630326797385622,3.704901960784314,5.146712802768166,0.8589224514058276,0.8214947530380163,0.8762488926862935,0.8438653252939954,0.5016034387670164,0.4820928290584853,0.510758867649641,0.4937385070960609,0.8830900486251116,0.8453148708433631,0.8986310882795921,0.858601558411918,Powdery Mildew
47,2.3759803921568627,3.057039600153787,1.731862745098039,2.979284890426759,0.9394412422481866,0.928185940462785,0.9517576539119316,0.9301443705803708,0.6249480109967162,0.6192677096873228,0.6304213699757696,0.6199218030329486,0.955387117966442,0.942668829283842,0.9674949199297772,0.944127029709578,Powdery Mildew
